# GW150914 time-1126259462.44 (s),H1_data_whitened,L1_data_whitened,H1_template_whitened,L1_template_whitened
 -0.199766, -1.785543,  0.518943,  0.017871, -0.036198
 -0.199522, -2.215131,  0.470561,  0.054134, -0.021988
 -0.199277, -2.425469,  0.410229,  0.090960, -0.000196
 -0.199033, -2.373615,  0.337342,  0.125060,  0.026945
 -0.198789, -2.056279,  0.250043,  0.153300,  0.056779
 -0.198545, -1.514178,  0.145231,  0.173036,  0.086496
 -0.198301, -0.826774,  0.019794,  0.182393,  0.113379
 -0.198057, -0.097415, -0.127246,  0.180468,  0.135034
 -0.197813,  0.567929, -0.292225,  0.167426,  0.149574
 -0.197568,  1.082692, -0.464687,  0.144486,  0.155740
 -0.197324,  1.396365, -0.626448,  0.113775,  0.152963
 -0.197080,  1.501460, -0.752856,  0.078090,  0.141357
 -0.196836,  1.429582, -0.816791,  0.040590,  0.121668
 -0.196592,  1.238643, -0.794902,  0.004448,  0.095172
 -0.196348,  0.995416, -0.674428, -0.027482,  0.063547
 -0.196104,  0.758287, -0.458332, -0.052951,  0.028732
 -0.195859,  0.564447, -0.166871, -0.070508, -0.007216
 -0.195615,  0.424270,  0.165148, -0.079598, -0.042260
 -0.195371,  0.323634,  0.494818, -0.080547, -0.074508
 -0.195127,  0.232932,  0.779651, -0.074443, -0.102317
 -0.194883,  0.119861,  0.985899, -0.062942, -0.124379
 -0.194639, -0.037714,  1.094490, -0.048027, -0.139794
 -0.194395, -0.242510,  1.103190, -0.031756, -0.148106
 -0.194150, -0.474973,  1.024899, -0.016033, -0.149335
 -0.193906, -0.697829,  0.883173, -0.002431, -0.143963
 -0.193662, -0.866509,  0.706567,  0.007924, -0.132904
 -0.193418, -0.941750,  0.523242,  0.014389, -0.117439
 -0.193174, -0.899991,  0.356767,  0.016782, -0.099127
 -0.192930, -0.738525,  0.223492,  0.015304, -0.079682
 -0.192686, -0.474724,  0.131591,  0.010432, -0.060845
 -0.192441, -0.140783,  0.081675,  0.002809, -0.044246
 -0.192197,  0.223544,  0.068556, -0.006863, -0.031271
 -0.191953,  0.577897,  0.083336, -0.017893, -0.022958
 -0.191709,  0.886509,  0.114974, -0.029648, -0.019915
 -0.191465,  1.121263,  0.150970, -0.041562, -0.022286
 -0.191221,  1.262985,  0.177489, -0.053115, -0.029756
 -0.190977,  1.301675,  0.179626, -0.063810, -0.041594
 -0.190732,  1.236352,  0.142560, -0.073136, -0.056735
 -0.190488,  1.074989,  0.054059, -0.080550, -0.073882
 -0.190244,  0.834591, -0.091891, -0.085473, -0.091623
 -0.190000,  0.540898, -0.291476, -0.087313, -0.108538
 -0.189756,  0.226731, -0.529312, -0.085507, -0.123309
 -0.189512, -0.071820, -0.780040, -0.079586, -0.134797
 -0.189268, -0.321276, -1.013381, -0.069242, -0.142102
 -0.189023, -0.497321, -1.201135, -0.054401, -0.144604
 -0.188779, -0.589835, -1.323767, -0.035282, -0.141974
 -0.188535, -0.604387, -1.374497, -0.012440, -0.134174
 -0.188291, -0.559428, -1.359799,  0.013224, -0.121444
 -0.188047, -0.480185, -1.296247,  0.040475, -0.104275
 -0.187803, -0.391523, -1.204598,  0.067796, -0.083380
 -0.187559, -0.312165, -1.102889,  0.093474, -0.059653
 -0.187315, -0.251801, -1.000829,  0.115705, -0.034126
 -0.187070, -0.211483, -0.897398,  0.132738, -0.007912
 -0.186826, -0.186706, -0.782415,  0.143025,  0.017853
 -0.186582, -0.171903, -0.641489,  0.145374,  0.042077
 -0.186338, -0.164558, -0.462624,  0.139102,  0.063774
 -0.186094, -0.167133, -0.242163,  0.124155,  0.082130
 -0.185850, -0.185864,  0.011929,  0.101184,  0.096552
 -0.185606, -0.226880,  0.280346,  0.071567,  0.106699
 -0.185361, -0.291414,  0.535989,  0.037355,  0.112496
 -0.185117, -0.372281,  0.749747,  0.001144,  0.114126
 -0.184873, -0.453302,  0.897155, -0.034130,  0.112000
 -0.184629, -0.512113,  0.964282, -0.065452,  0.106710
 -0.184385, -0.525445,  0.951267, -0.090025,  0.098976
 -0.184141, -0.475181,  0.872480, -0.105576,  0.089592
 -0.183897, -0.353319,  0.753262, -0.110615,  0.079380
 -0.183652, -0.164486,  0.624161, -0.104640,  0.069145
 -0.183408,  0.074411,  0.514122, -0.088222,  0.059657
 -0.183164,  0.337000,  0.444164, -0.062980,  0.051624
 -0.182920,  0.591761,  0.422803, -0.031428,  0.045683
 -0.182676,  0.806863,  0.444141,  0.003301,  0.042380
 -0.182432,  0.954779,  0.489196,  0.037802,  0.042146
 -0.182188,  1.016190,  0.530481,  0.068797,  0.045254
 -0.181943,  0.982843,  0.539082,  0.093518,  0.051776
 -0.181699,  0.858965,  0.492681,  0.110032,  0.061531
 -0.181455,  0.660782,  0.382570,  0.117452,  0.074037
 -0.181211,  0.413805,  0.217738,  0.116016,  0.088491
 -0.180967,  0.148107,  0.024605,  0.107005,  0.103769
 -0.180723, -0.107409, -0.158018,  0.092529,  0.118481
 -0.180479, -0.330053, -0.287974,  0.075195,  0.131056
 -0.180234, -0.506110, -0.330885,  0.057710,  0.139882
 -0.179990, -0.630699, -0.270414,  0.042481,  0.143460
 -0.179746, -0.705288, -0.114494,  0.031266,  0.140588
 -0.179502, -0.734207,  0.104680,  0.024928,  0.130513
 -0.179258, -0.721576,  0.337165,  0.023331,  0.113065
 -0.179014, -0.669689,  0.526605,  0.025393,  0.088728
 -0.178770, -0.579262,  0.623456,  0.029284,  0.058645
 -0.178525, -0.451299,  0.596809,  0.032745,  0.024545
 -0.178281, -0.289844,  0.441986,  0.033470, -0.011389
 -0.178037, -0.104580,  0.182065,  0.029501, -0.046716
 -0.177793,  0.087777, -0.137087,  0.019563, -0.078959
 -0.177549,  0.263998, -0.457229,  0.003300, -0.105843
 -0.177305,  0.396991, -0.721061, -0.018641, -0.125506
 -0.177061,  0.460249, -0.884931, -0.044675, -0.136676
 -0.176816,  0.433203, -0.927585, -0.072506, -0.138789
 -0.176572,  0.306175, -0.852989, -0.099455, -0.132039
 -0.176328,  0.083529, -0.687363, -0.122862, -0.117355
 -0.176084, -0.215789, -0.472178, -0.140482, -0.096320
 -0.175840, -0.560301, -0.255393, -0.150823, -0.071026
 -0.175596, -0.909817, -0.082774, -0.153360, -0.043891
 -0.175352, -1.219967,  0.009606, -0.148606, -0.017453
 -0.175107, -1.446617,  0.000964, -0.138005,  0.005852
 -0.174863, -1.549947, -0.111064, -0.123687,  0.023898
 -0.174619, -1.498493, -0.310148, -0.108104,  0.035055
 -0.174375, -1.273482, -0.563798, -0.093613,  0.038342
 -0.174131, -0.873293, -0.828158, -0.082075,  0.033522
 -0.173887, -0.317021, -1.054326, -0.074534,  0.021142
 -0.173643,  0.354217, -1.195653, -0.071025,  0.002499
 -0.173398,  1.079219, -1.215479, -0.070560, -0.020454
 -0.173154,  1.782093, -1.094393, -0.071282, -0.045281
 -0.172910,  2.380662, -0.835529, -0.070770, -0.069281
 -0.172666,  2.796998, -0.466209, -0.066464, -0.089752
 -0.172422,  2.968939, -0.034671, -0.056121, -0.104259
 -0.172178,  2.861060,  0.398156, -0.038245, -0.110899
 -0.171934,  2.473212,  0.770271, -0.012421, -0.108511
 -0.171690,  1.844557,  1.030912,  0.020510, -0.096826
 -0.171445,  1.051338,  1.150644,  0.058461, -0.076514
 -0.171201,  0.197704,  1.126980,  0.098295, -0.049143
 -0.170957, -0.599605,  0.984358,  0.136186, -0.017019
 -0.170713, -1.230307,  0.768604,  0.168101,  0.017041
 -0.170469, -1.609902,  0.537238,  0.190319,  0.050013
 -0.170225, -1.695424,  0.347867,  0.199923,  0.078986
 -0.169981, -1.494166,  0.247214,  0.195202,  0.101473
 -0.169736, -1.063042,  0.262989,  0.175891,  0.115670
 -0.169492, -0.498045,  0.399821,  0.143226,  0.120626
 -0.169248,  0.084319,  0.639384,  0.099810,  0.116324
 -0.169004,  0.569634,  0.943985,  0.049307,  0.103631
 -0.168760,  0.867124,  1.262696, -0.003990,  0.084168
 -0.168516,  0.925549,  1.539225, -0.055657,  0.060087
 -0.168272,  0.740452,  1.720849, -0.101627,  0.033808
 -0.168027,  0.351828,  1.767459, -0.138625,  0.007750
 -0.167783, -0.166606,  1.659270, -0.164473, -0.015923
 -0.167539, -0.723755,  1.401256, -0.178246, -0.035487
 -0.167295, -1.229453,  1.022608, -0.180271, -0.049774
 -0.167051, -1.611090,  0.570585, -0.171965, -0.058215
 -0.166807, -1.825489,  0.100039, -0.155566, -0.060797
 -0.166563, -1.863847, -0.338442, -0.133774, -0.057973
 -0.166318, -1.748905, -0.708181, -0.109380, -0.050535
 -0.166074, -1.525318, -0.991067, -0.084912, -0.039479
 -0.165830, -1.245944, -1.186363, -0.062356, -0.025881
 -0.165586, -0.957755, -1.304932, -0.042978, -0.010808
 -0.165342, -0.691021, -1.361511, -0.027259,  0.004743
 -0.165098, -0.454307, -1.367984, -0.014942,  0.019871
 -0.164854, -0.236210, -1.329920, -0.005184,  0.033769
 -0.164609, -0.012908, -1.247233,  0.003232,  0.045718
 -0.164365,  0.240846, -1.118030,  0.011643,  0.055075
 -0.164121,  0.540500, -0.943418,  0.021265,  0.061291
 -0.163877,  0.883329, -0.731008,  0.032980,  0.063929
 -0.163633,  1.245335, -0.495791,  0.047193,  0.062717
 -0.163389,  1.584564, -0.258290,  0.063764,  0.057602
 -0.163145,  1.850203, -0.040840,  0.082032,  0.048799
 -0.162900,  1.994983,  0.136722,  0.100906,  0.036828
 -0.162656,  1.987246,  0.260710,  0.119021,  0.022510
 -0.162412,  1.819302,  0.325705,  0.134926,  0.006926
 -0.162168,  1.510044,  0.334882,  0.147277, -0.008668
 -0.161924,  1.101651,  0.298961,  0.155011, -0.022965
 -0.161680,  0.651495,  0.234441,  0.157473, -0.034757
 -0.161436,  0.220970,  0.161435,  0.154475, -0.043086
 -0.161191, -0.136739,  0.100914,  0.146298, -0.047378
 -0.160947, -0.387328,  0.071144,  0.133621, -0.047542
 -0.160703, -0.521588,  0.083768,  0.117401, -0.043999
 -0.160459, -0.555132,  0.140566,  0.098723, -0.037662
 -0.160215, -0.521578,  0.231993,  0.078647, -0.029832
 -0.159971, -0.461311,  0.338170,  0.058068, -0.022052
 -0.159727, -0.409201,  0.432416,  0.037619, -0.015914
 -0.159482, -0.384739,  0.486713,  0.017634, -0.012857
 -0.159238, -0.387258,  0.478011, -0.001841, -0.013990
 -0.158994, -0.397382,  0.393846, -0.020972, -0.019940
 -0.158750, -0.384173,  0.235713, -0.040024, -0.030779
 -0.158506, -0.316043,  0.019040, -0.059228, -0.046013
 -0.158262, -0.172577, -0.230393, -0.078644, -0.064642
 -0.158018,  0.045930, -0.482555, -0.098060, -0.085285
 -0.157773,  0.314104, -0.709785, -0.116923, -0.106340
 -0.157529,  0.584004, -0.892077, -0.134340, -0.126165
 -0.157285,  0.794310, -1.019918, -0.149133, -0.143248
 -0.157041,  0.884016, -1.094548, -0.159955, -0.156343
 -0.156797,  0.807163, -1.125873, -0.165451, -0.164565
 -0.156553,  0.544936, -1.128350, -0.164442, -0.167427
 -0.156309,  0.112163, -1.115569, -0.156117, -0.164831
 -0.156065, -0.443519, -1.094897, -0.140196, -0.157017
 -0.155820, -1.050031, -1.064050, -0.117047, -0.144493
 -0.155576, -1.625082, -1.011045, -0.087745, -0.127946
 -0.155332, -2.092845, -0.917745, -0.054046, -0.108177
 -0.155088, -2.398839, -0.765813, -0.018282, -0.086035
 -0.154844, -2.519217, -0.543097,  0.016823, -0.062385
 -0.154600, -2.462266, -0.248568,  0.048389, -0.038084
 -0.154356, -2.261935,  0.105311,  0.073672, -0.013968
 -0.154111, -1.965333,  0.493185,  0.090355,  0.009156
 -0.153867, -1.617936,  0.880195,  0.096818,  0.030534
 -0.153623, -1.251228,  1.227426,  0.092363,  0.049494
 -0.153379, -0.876897,  1.498208,  0.077341,  0.065488
 -0.153135, -0.489389,  1.663852,  0.053189,  0.078138
 -0.152891, -0.075508,  1.707759,  0.022344,  0.087281
 -0.152647,  0.372829,  1.627361, -0.011956,  0.092993
 -0.152402,  0.847567,  1.433884, -0.045966,  0.095585
 -0.152158,  1.319396,  1.150387, -0.075795,  0.095575
 -0.151914,  1.740776,  0.808805, -0.097804,  0.093621
 -0.151670,  2.056609,  0.446611, -0.108990,  0.090437
 -0.151426,  2.219408,  0.103167, -0.107308,  0.086698
 -0.151182,  2.204182, -0.184601, -0.091899,  0.082955
 -0.150938,  2.018226, -0.387409, -0.063197,  0.079572
 -0.150693,  1.702535, -0.488961, -0.022884,  0.076712
 -0.150449,  1.324283, -0.489722,  0.026282,  0.074353
 -0.150205,  0.962590, -0.407207,  0.080765,  0.072360
 -0.149961,  0.691658, -0.271840,  0.136627,  0.070574
 -0.149717,  0.565559, -0.119278,  0.189942,  0.068913
 -0.149473,  0.607913,  0.018292,  0.237195,  0.067461
 -0.149229,  0.808015,  0.118988,  0.275611,  0.066511
 -0.148984,  1.123537,  0.174182,  0.303393,  0.066564
 -0.148740,  1.488832,  0.187161,  0.319813,  0.068261
 -0.148496,  1.827051,  0.168520,  0.325179,  0.072278
 -0.148252,  2.063711,  0.130305,  0.320674,  0.079172
 -0.148008,  2.139174,  0.081008,  0.308093,  0.089237
 -0.147764,  2.017857,  0.023023,  0.289535,  0.102375
 -0.147520,  1.692863, -0.046893,  0.267078,  0.118023
 -0.147275,  1.185783, -0.134554,  0.242500,  0.135150
 -0.147031,  0.542342, -0.243821,  0.217078,  0.152330
 -0.146787, -0.174830, -0.372103,  0.191484,  0.167892
 -0.146543, -0.894838, -0.507454,  0.165805,  0.180111
 -0.146299, -1.547304, -0.628453,  0.139649,  0.187427
 -0.146055, -2.070525, -0.707400,  0.112345,  0.188642
 -0.145811, -2.418675, -0.716216,  0.083178,  0.183084
 -0.145566, -2.567664, -0.633418,  0.051615,  0.170684
 -0.145322, -2.518804, -0.450131,  0.017508,  0.151993
 -0.145078, -2.299060, -0.173579, -0.018788,  0.128099
 -0.144834, -1.956968,  0.172543, -0.056389,  0.100499
 -0.144590, -1.554327,  0.550608, -0.093946,  0.070920
 -0.144346, -1.155208,  0.913976, -0.129803,  0.041132
 -0.144102, -0.814721,  1.213741, -0.162214,  0.012776
 -0.143857, -0.570127,  1.406565, -0.189583, -0.012772
 -0.143613, -0.436140,  1.462437, -0.210703, -0.034485
 -0.143369, -0.405162,  1.370876, -0.224939, -0.051726
 -0.143125, -0.451957,  1.144128, -0.232331, -0.064242
 -0.142881, -0.541242,  0.816394, -0.233611, -0.072125
 -0.142637, -0.636114,  0.438872, -0.230109, -0.075765
 -0.142393, -0.705273,  0.071294, -0.223583, -0.075795
 -0.142148, -0.727616, -0.228641, -0.215969, -0.073041
 -0.141904, -0.693694, -0.415952, -0.209123, -0.068485
 -0.141660, -0.604379, -0.466998, -0.204549, -0.063216
 -0.141416, -0.467590, -0.384044, -0.203196, -0.058384
 -0.141172, -0.294177, -0.194630, -0.205321, -0.055133
 -0.140928, -0.094269,  0.054184, -0.210454, -0.054510
 -0.140684,  0.124715,  0.305360, -0.217474, -0.057356
 -0.140440,  0.357875,  0.503140, -0.224778, -0.064188
 -0.140195,  0.600827,  0.603649, -0.230523, -0.075083
 -0.139951,  0.846886,  0.582726, -0.232909, -0.089595
 -0.139707,  1.084538,  0.439436, -0.230458, -0.106731
 -0.139463,  1.296074,  0.194707, -0.222259, -0.124982
 -0.139219,  1.458080, -0.114388, -0.208125, -0.142447
 -0.138975,  1.544296, -0.443230, -0.188656, -0.157023
 -0.138731,  1.530844, -0.749113, -0.165185, -0.166650
 -0.138486,  1.402792, -0.999460, -0.139624, -0.169586
 -0.138242,  1.160102, -1.176927, -0.114219, -0.164662
 -0.137998,  0.820842, -1.280189, -0.091265, -0.151489
 -0.137754,  0.420194, -1.320275, -0.072801, -0.130576
 -0.137510,  0.004987, -1.313650, -0.060349, -0.103334
 -0.137266, -0.375187, -1.274375, -0.054715, -0.071968
 -0.137022, -0.677869, -1.207942, -0.055891, -0.039255
 -0.136777, -0.875707, -1.108735, -0.063055, -0.008242
 -0.136533, -0.960182, -0.961803, -0.074680,  0.018098
 -0.136289, -0.940430, -0.748444, -0.088715,  0.037212
 -0.136045, -0.838291, -0.454193, -0.102822,  0.047264
 -0.135801, -0.681738, -0.077303, -0.114629,  0.047349
 -0.135557, -0.498870,  0.364474, -0.121970,  0.037590
 -0.135313, -0.313874,  0.831011, -0.123074,  0.019131
 -0.135068, -0.145183,  1.262529, -0.116700, -0.006001
 -0.134824, -0.005263,  1.588404, -0.102204, -0.035112
 -0.134580,  0.098781,  1.740845, -0.079541, -0.065130
 -0.134336,  0.164430,  1.670541, -0.049215, -0.092910
 -0.134092,  0.193239,  1.360408, -0.012203, -0.115539
 -0.133848,  0.190711,  0.833658,  0.030146, -0.130599
 -0.133604,  0.166143,  0.153712,  0.076214, -0.136361
 -0.133359,  0.131738, -0.584411,  0.124201, -0.131915
 -0.133115,  0.100593, -1.269515,  0.172217, -0.117216
 -0.132871,  0.083999, -1.793324,  0.218355, -0.093058
 -0.132627,  0.089074, -2.069612,  0.260766, -0.060981
 -0.132383,  0.117551, -2.049948,  0.297732, -0.023139
 -0.132139,  0.165868, -1.733165,  0.327745,  0.017877
 -0.131895,  0.226057, -1.166651,  0.349584,  0.059228
 -0.131650,  0.286920, -0.438942,  0.362383,  0.098026
 -0.131406,  0.335403,  0.335276,  0.365688,  0.131529
 -0.131162,  0.358351,  1.035088,  0.359487,  0.157318
 -0.130918,  0.344582,  1.554386,  0.344203,  0.173453
 -0.130674,  0.286775,  1.819824,  0.320649,  0.178603
 -0.130430,  0.182574,  1.802091,  0.289954,  0.172133
 -0.130186,  0.034921,  1.518381,  0.253459,  0.154157
 -0.129941, -0.147895,  1.025829,  0.212599,  0.125539
 -0.129697, -0.352043,  0.407753,  0.168803,  0.087846
 -0.129453, -0.558058, -0.243611,  0.123411,  0.043265
 -0.129209, -0.741594, -0.843432,  0.077625, -0.005537
 -0.128965, -0.875597, -1.325946,  0.032516, -0.055585
 -0.128721, -0.933802, -1.649698, -0.010946, -0.103794
 -0.128477, -0.895011, -1.796898, -0.051824, -0.147186
 -0.128232, -0.747538, -1.769000, -0.089148, -0.183112
 -0.127988, -0.493281, -1.581157, -0.121856, -0.209454
 -0.127744, -0.150562, -1.257663, -0.148786, -0.224800
 -0.127500,  0.245554, -0.829345, -0.168708, -0.228578
 -0.127256,  0.646711, -0.332600, -0.180418, -0.221115
 -0.127012,  0.998771,  0.191184, -0.182890, -0.203635
 -0.126768,  1.252055,  0.697146, -0.175442, -0.178172
 -0.126523,  1.371538,  1.140011, -0.157924, -0.147409
 -0.126279,  1.343763,  1.478368, -0.130861, -0.114442
 -0.126035,  1.178385,  1.679534, -0.095538, -0.082496
 -0.125791,  0.904304,  1.724327, -0.053993, -0.054616
 -0.125547,  0.562133,  1.611134, -0.008917, -0.033355
 -0.125303,  0.195467,  1.358278,  0.036562, -0.020499
 -0.125059, -0.156724,  1.003404,  0.079166, -0.016859
 -0.124815, -0.464875,  0.598767,  0.115811, -0.022163
 -0.124570, -0.710145,  0.202422,  0.143960, -0.035052
 -0.124326, -0.882885, -0.132930,  0.161936, -0.053198
 -0.124082, -0.979773, -0.370372,  0.169156, -0.073535
 -0.123838, -1.001402, -0.495304,  0.166234, -0.092578
 -0.123594, -0.951449, -0.516209,  0.154955, -0.106798
 -0.123350, -0.837502, -0.459814,  0.138087, -0.113008
 -0.123106, -0.672574, -0.362562,  0.119072, -0.108729
 -0.122861, -0.475893, -0.261050,  0.101613, -0.092466
 -0.122617, -0.271777, -0.183852,  0.089205, -0.063892
 -0.122373, -0.086066, -0.146266,  0.084684, -0.023891
 -0.122129,  0.059442, -0.148577,  0.089830,  0.025534
 -0.121885,  0.153091, -0.177716,  0.105096,  0.081473
 -0.121641,  0.197769, -0.211641,  0.129486,  0.140428
 -0.121397,  0.211370, -0.225357,  0.160623,  0.198692
 -0.121152,  0.222131, -0.197079,  0.194979,  0.252744
 -0.120908,  0.259683, -0.113181,  0.228272,  0.299607
 -0.120664,  0.344665,  0.028884,  0.255959,  0.337144
 -0.120420,  0.480508,  0.219879,  0.273781,  0.364228
 -0.120176,  0.650409,  0.440105,  0.278288,  0.380804
 -0.119932,  0.820824,  0.662527,  0.267278,  0.387799
 -0.119688,  0.950807,  0.857313,  0.240090,  0.386930
 -0.119443,  1.004470,  0.997163,  0.197723,  0.380417
 -0.119199,  0.962526,  1.062630,  0.142751,  0.370646
 -0.118955,  0.828984,  1.046478,  0.079061,  0.359836
 -0.118711,  0.630818,  0.955995,  0.011435,  0.349742
 -0.118467,  0.411051,  0.812190, -0.054966,  0.341455
 -0.118223,  0.217847,  0.645338, -0.115150,  0.335291
 -0.117979,  0.092970,  0.487488, -0.164801,  0.330825
 -0.117734,  0.062363,  0.363828, -0.200705,  0.327014
 -0.117490,  0.130456,  0.285630, -0.221020,  0.322421
 -0.117246,  0.278936,  0.247252, -0.225394,  0.315485
 -0.117002,  0.470115,  0.228505, -0.214910,  0.304793
 -0.116758,  0.654422,  0.201985, -0.191889,  0.289322
 -0.116514,  0.780734,  0.143235, -0.159588,  0.268598
 -0.116270,  0.807432,  0.040441, -0.121830,  0.242763
 -0.116025,  0.711598, -0.099811, -0.082634,  0.212533
 -0.115781,  0.494076, -0.253017, -0.045865,  0.179066
 -0.115537,  0.179147, -0.383670, -0.014956,  0.143754
 -0.115293, -0.190896, -0.456479,  0.007292,  0.107994
 -0.115049, -0.564784, -0.448135,  0.018833,  0.072956
 -0.114805, -0.892729, -0.355666,  0.018423,  0.039413
 -0.114561, -1.135889, -0.198592,  0.005615,  0.007641
 -0.114316, -1.272646, -0.014301, -0.019277, -0.022581
 -0.114072, -1.300351,  0.151727, -0.055234, -0.051878
 -0.113828, -1.232703,  0.257766, -0.100596, -0.081105
 -0.113584, -1.094368,  0.276229, -0.153132, -0.111128
 -0.113340, -0.914991,  0.199692, -0.210134, -0.142591
 -0.113096, -0.724190,  0.041086, -0.268525, -0.175717
 -0.112852, -0.548077, -0.171554, -0.325011, -0.210173
 -0.112607, -0.407175, -0.403725, -0.376272, -0.245026
 -0.112363, -0.315380, -0.623635, -0.419185, -0.278798
 -0.112119, -0.279533, -0.809259, -0.451077, -0.309621
 -0.111875, -0.299182, -0.951614, -0.469962, -0.335468
 -0.111631, -0.366411, -1.053986, -0.474754, -0.354424
 -0.111387, -0.466045, -1.128146, -0.465405, -0.364968
 -0.111143, -0.576730, -1.189259, -0.442953, -0.366216
 -0.110898, -0.673200, -1.251008, -0.409461, -0.358098
 -0.110654, -0.729568, -1.321740, -0.367844, -0.341440
 -0.110410, -0.723093, -1.401846, -0.321597, -0.317936
 -0.110166, -0.637823, -1.482385, -0.274459, -0.290018
 -0.109922, -0.467737, -1.545272, -0.230051, -0.260633
 -0.109678, -0.219153, -1.565529, -0.191525, -0.232955
 -0.109434,  0.087989, -1.515803, -0.161281, -0.210059
 -0.109190,  0.420593, -1.372538, -0.140767, -0.194609
 -0.108945,  0.735333, -1.122265, -0.130396, -0.188570
 -0.108701,  0.984373, -0.766188, -0.129576, -0.192999
 -0.108457,  1.123380, -0.321833, -0.136837, -0.207917
 -0.108213,  1.120298,  0.178538, -0.150040, -0.232292
 -0.107969,  0.962683,  0.692270, -0.166625, -0.264118
 -0.107725,  0.661548,  1.172542, -0.183875, -0.300601
 -0.107481,  0.250447,  1.575424, -0.199151, -0.338413
 -0.107236, -0.220256,  1.866383, -0.210098, -0.374002
 -0.106992, -0.692702,  2.024779, -0.214788, -0.403929
 -0.106748, -1.112131,  2.045238, -0.211816, -0.425179
 -0.106504, -1.436017,  1.935846, -0.200343, -0.435443
 -0.106260, -1.639374,  1.714220, -0.180106, -0.433317
 -0.106016, -1.715224,  1.403262, -0.151393, -0.418414
 -0.105772, -1.671000,  1.028230, -0.115006, -0.391376
 -0.105527, -1.523113,  0.615907, -0.072204, -0.353777
 -0.105283, -1.292108,  0.195302, -0.024629, -0.307949
 -0.105039, -0.999816, -0.201543,  0.025787, -0.256730
 -0.104795, -0.668362, -0.540215,  0.076939, -0.203181
 -0.104551, -0.320062, -0.787043,  0.126688, -0.150291
 -0.104307,  0.022753, -0.914476,  0.173026, -0.100714
 -0.104063,  0.338501, -0.907448,  0.214244, -0.056555
 -0.103818,  0.607746, -0.768727,  0.249097, -0.019232
 -0.103574,  0.814986, -0.521332,  0.276943,  0.010575
 -0.103330,  0.950488, -0.206869,  0.297832,  0.032904
 -0.103086,  1.011835,  0.120382,  0.312532,  0.048412
 -0.102842,  1.004833,  0.402697,  0.322479,  0.058232
 -0.102598,  0.943464,  0.589587,  0.329647,  0.063802
 -0.102354,  0.848576,  0.647449,  0.336350,  0.066694
 -0.102109,  0.745191,  0.565906,  0.344992,  0.068464
 -0.101865,  0.658630,  0.359342,  0.357799,  0.070537
 -0.101621,  0.610041,  0.063305,  0.376555,  0.074126
 -0.101377,  0.612200, -0.273400,  0.402380,  0.080202
 -0.101133,  0.666598, -0.599067,  0.435581,  0.089488
 -0.100889,  0.762760, -0.869325,  0.475585,  0.102485
 -0.100645,  0.880436, -1.054652,  0.520981,  0.119498
 -0.100400,  0.994597, -1.143390,  0.569649,  0.140668
 -0.100156,  1.082004, -1.140077,  0.618972,  0.165993
 -0.099912,  1.127231, -1.060510,  0.666105,  0.195333
 -0.099668,  1.125905, -0.925760,  0.708262,  0.228402
 -0.099424,  1.083977, -0.757023,  0.742992,  0.264755
 -0.099180,  1.013523, -0.572214,  0.768410,  0.303769
 -0.098936,  0.927107, -0.384506,  0.783352,  0.344628
 -0.098691,  0.833265, -0.202574,  0.787436,  0.386320
 -0.098447,  0.734960, -0.032017,  0.781031,  0.427650
 -0.098203,  0.631233,  0.122798,  0.765136,  0.467270
 -0.097959,  0.520797,  0.257277,  0.741182,  0.503730
 -0.097715,  0.405582,  0.366164,  0.710790,  0.535551
 -0.097471,  0.292634,  0.444538,  0.675524,  0.561309
 -0.097227,  0.193681,  0.490183,  0.636655,  0.579741
 -0.096982,  0.122637,  0.506490,  0.594981,  0.589850
 -0.096738,  0.091827,  0.504468,  0.550721,  0.591018
 -0.096494,  0.108066,  0.502299,  0.503502,  0.583101
 -0.096250,  0.169806,  0.521645,  0.452430,  0.566505
 -0.096006,  0.266301,  0.581289,  0.396251,  0.542226
 -0.095762,  0.379102,  0.690226,  0.333575,  0.511832
 -0.095518,  0.485610,  0.842974,  0.263128,  0.477394
 -0.095273,  0.563944,  1.019232,  0.184013,  0.441348
 -0.095029,  0.598117,  1.188410,  0.095942,  0.406298
 -0.094785,  0.582168,  1.317743, -0.000604,  0.374773
 -0.094541,  0.521872,  1.381423, -0.104291,  0.348956
 -0.094297,  0.433121,  1.367891, -0.212954,  0.330423
 -0.094053,  0.337041,  1.283225, -0.323719,  0.319914
 -0.093809,  0.253007,  1.149874, -0.433209,  0.317183
 -0.093565,  0.191671,  1.001091, -0.537828,  0.320951
 -0.093320,  0.150427,  0.872323, -0.634072,  0.328967
 -0.093076,  0.113160,  0.791536, -0.718843,  0.338204
 -0.092832,  0.054632,  0.771135, -0.789723,  0.345150
 -0.092588, -0.051824,  0.804009, -0.845181,  0.346186
 -0.092344, -0.225848,  0.865103, -0.884676,  0.337979
 -0.092100, -0.473555,  0.918082, -0.908660,  0.317873
 -0.091856, -0.784844,  0.924998, -0.918468,  0.284199
 -0.091611, -1.135040,  0.855986, -0.916122,  0.236473
 -0.091367, -1.490194,  0.696404, -0.904067,  0.175453
 -0.091123, -1.814467,  0.450027, -0.884882,  0.103054
 -0.090879, -2.077560,  0.138195, -0.861000,  0.022117
 -0.090635, -2.260225, -0.204469, -0.834477, -0.063917
 -0.090391, -2.356498, -0.536872, -0.806832, -0.151394
 -0.090147, -2.372259, -0.819671, -0.778989, -0.236837
 -0.089902, -2.320782, -1.023363, -0.751299, -0.317282
 -0.089658, -2.216830, -1.134487, -0.723661, -0.390532
 -0.089414, -2.071340, -1.158364, -0.695690, -0.455280
 -0.089170, -1.888556, -1.117535, -0.666909, -0.511113
 -0.088926, -1.666621, -1.046018, -0.636941, -0.558393
 -0.088682, -1.401328, -0.980635, -0.605647, -0.598052
 -0.088438, -1.091456, -0.951617, -0.573208, -0.631332
 -0.088193, -0.743340, -0.975091, -0.540119, -0.659525
 -0.087949, -0.372609, -1.049425, -0.507118, -0.683736
 -0.087705, -0.002159, -1.156171, -0.475059, -0.704718
 -0.087461,  0.342749, -1.264966, -0.444748, -0.722789
 -0.087217,  0.640101, -1.341013, -0.416793, -0.737836
 -0.086973,  0.875111, -1.353425, -0.391472, -0.749395
 -0.086729,  1.041420, -1.282634, -0.368678, -0.756791
 -0.086484,  1.139991, -1.125215, -0.347910, -0.759304
 -0.086240,  1.177067, -0.894852, -0.328345, -0.756340
 -0.085996,  1.162253, -0.619075, -0.308956, -0.747566
 -0.085752,  1.106990, -0.332623, -0.288655, -0.733008
 -0.085508,  1.023157, -0.069378, -0.266434, -0.713085
 -0.085264,  0.921620,  0.144711, -0.241473, -0.688584
 -0.085020,  0.810832,  0.295802, -0.213207, -0.660574
 -0.084775,  0.695752,  0.382483, -0.181325, -0.630291
 -0.084531,  0.577278,  0.412559, -0.145720, -0.598984
 -0.084287,  0.452269,  0.397566, -0.106405, -0.567770
 -0.084043,  0.314337,  0.346920, -0.063422, -0.537495
 -0.083799,  0.155638,  0.263473, -0.016760, -0.508639
 -0.083555, -0.030415,  0.141855,  0.033672, -0.481250
 -0.083311, -0.246037, -0.029704,  0.088022, -0.454952
 -0.083066, -0.486469, -0.264103,  0.146413, -0.428986
 -0.082822, -0.738836, -0.567691,  0.208815, -0.402312
 -0.082578, -0.983292, -0.932300,  0.274897, -0.373746
 -0.082334, -1.196832, -1.329724,  0.343895, -0.342116
 -0.082090, -1.359173, -1.711037,  0.414532, -0.306423
 -0.081846, -1.458894, -2.011976,  0.485014, -0.265985
 -0.081602, -1.497270, -2.164030,  0.553122, -0.220542
 -0.081357, -1.487751, -2.109136,  0.616396, -0.170313
 -0.081113, -1.450712, -1.814471,  0.672394, -0.115985
 -0.080869, -1.405227, -1.283382,  0.718988, -0.058650
 -0.080625, -1.360817, -0.559454,  0.754658,  0.000327
 -0.080381, -1.311966,  0.277528,  0.778723,  0.059466
 -0.080137, -1.237185,  1.123045,  0.791478,  0.117366
 -0.079893, -1.103170,  1.864416,  0.794202,  0.172881
 -0.079648, -0.873480,  2.399159,  0.789025,  0.225273
 -0.079404, -0.519984,  2.651676,  0.778674,  0.274309
 -0.079160, -0.034250,  2.585539,  0.766122,  0.320291
 -0.078916,  0.564467,  2.209558,  0.754198,  0.364012
 -0.078672,  1.227647,  1.576678,  0.745207,  0.406636
 -0.078428,  1.883793,  0.775703,  0.740622,  0.449521
 -0.078184,  2.451850, -0.082849,  0.740900,  0.494004
 -0.077940,  2.858699, -0.884143,  0.745433,  0.541174
 -0.077695,  3.056213, -1.526438,  0.752658,  0.591671
 -0.077451,  3.033178, -1.935606,  0.760298,  0.645528
 -0.077207,  2.818628, -2.074649,  0.765697,  0.702084
 -0.076963,  2.475387, -1.946953,  0.766208,  0.759988
 -0.076719,  2.085366, -1.592939,  0.759560,  0.817281
 -0.076475,  1.730607, -1.080780,  0.744165,  0.871560
 -0.076231,  1.475335, -0.492819,  0.719327,  0.920205
 -0.075986,  1.353799,  0.089826,  0.685313,  0.960632
 -0.075742,  1.366541,  0.601601,  0.643304,  0.990552
 -0.075498,  1.484949,  1.003038,  0.595217,  1.008199
 -0.075254,  1.661596,  1.285438,  0.543455,  1.012508
 -0.075010,  1.842824,  1.468804,  0.490599,  1.003216
 -0.074766,  1.980388,  1.593443,  0.439105,  0.980877
 -0.074522,  2.040090,  1.707126,  0.391027,  0.946798
 -0.074277,  2.006565,  1.850871,  0.347812,  0.902891
 -0.074033,  1.884119,  2.046966,  0.310166,  0.851487
 -0.073789,  1.693911,  2.292264,  0.278020,  0.795098
 -0.073545,  1.468095,  2.558267,  0.250569,  0.736192
 -0.073301,  1.241889,  2.797610,  0.226386,  0.676983
 -0.073057,  1.044890,  2.954985,  0.203585,  0.619259
 -0.072813,  0.893389,  2.979777,  0.180012,  0.564282
 -0.072568,  0.785721,  2.837619,  0.153453,  0.512737
 -0.072324,  0.702263,  2.518398,  0.121829,  0.464753
 -0.072080,  0.610482,  2.039040,  0.083369,  0.419973
 -0.071836,  0.473851,  1.440644,  0.036752,  0.377660
 -0.071592,  0.262276,  0.780912, -0.018803,  0.336819
 -0.071348, -0.038889,  0.123808, -0.083492,  0.296322
 -0.071104, -0.423866, -0.471104, -0.156935,  0.255011
 -0.070859, -0.867106, -0.957228, -0.238240,  0.211786
 -0.070615, -1.329257, -1.305665, -0.326105,  0.165649
 -0.070371, -1.766282, -1.505614, -0.418958,  0.115740
 -0.070127, -2.138623, -1.561393, -0.515107,  0.061345
 -0.069883, -2.417758, -1.488036, -0.612893,  0.001906
 -0.069639, -2.588823, -1.307419, -0.710810, -0.062959
 -0.069395, -2.649635, -1.046129, -0.807597, -0.133432
 -0.069150, -2.607762, -0.735005, -0.902258, -0.209441
 -0.068906, -2.477708, -0.409311, -0.994041, -0.290607
 -0.068662, -2.279489, -0.107936, -1.082346, -0.376187
 -0.068418, -2.038487,  0.129778, -1.166604, -0.465031
 -0.068174, -1.785308,  0.270018, -1.246130, -0.555585
 -0.067930, -1.554088,  0.291991, -1.319992, -0.645926
 -0.067686, -1.378486,  0.194123, -1.386914, -0.733862
 -0.067441, -1.285943, -0.004057, -1.445255, -0.817078
 -0.067197, -1.291979, -0.265839, -1.493050, -0.893327
 -0.066953, -1.396601, -0.546144, -1.528149, -0.960633
 -0.066709, -1.584076, -0.802409, -1.548421, -1.017485
 -0.066465, -1.825980, -1.004166, -1.551996, -1.062989
 -0.066221, -2.086311, -1.138659, -1.537524, -1.096959
 -0.065977, -2.327205, -1.211258, -1.504394, -1.119917
 -0.065732, -2.514202, -1.241123, -1.452894, -1.133010
 -0.065488, -2.620512, -1.253841, -1.384259, -1.137834
 -0.065244, -2.629997, -1.273356, -1.300614, -1.136215
 -0.065000, -2.538668, -1.315373, -1.204796, -1.129948
 -0.064756, -2.354632, -1.383765, -1.100091, -1.120551
 -0.064512, -2.096448, -1.470569, -0.989900, -1.109059
 -0.064268, -1.790008, -1.558999, -0.877396, -1.095899
 -0.064023, -1.464325, -1.628030, -0.765209, -1.080842
 -0.063779, -1.146864, -1.657041, -0.655185, -1.063059
 -0.063535, -0.859256, -1.629595, -0.548247, -1.041254
 -0.063291, -0.614225, -1.536173, -0.444390, -1.013863
 -0.063047, -0.414492, -1.376019, -0.342786, -0.979276
 -0.062803, -0.253909, -1.158069, -0.242003, -0.936061
 -0.062559, -0.120203, -0.900718, -0.140290, -0.883161
 -0.062315,  0.001886, -0.630182, -0.035898, -0.820022
 -0.062070,  0.128127, -0.377460,  0.072623, -0.746666
 -0.061826,  0.273149, -0.174092,  0.186167, -0.663678
 -0.061582,  0.449017, -0.047008,  0.304915, -0.572139
 -0.061338,  0.663397, -0.013237,  0.428271, -0.473507
 -0.061094,  0.917323, -0.075750,  0.554910, -0.369462
 -0.060850,  1.203490, -0.221720,  0.682909, -0.261755
 -0.060606,  1.506235, -0.423668,  0.809956, -0.152063
 -0.060361,  1.803740, -0.643058,  0.933592, -0.041871
 -0.060117,  2.071872, -0.835487,  1.051451,  0.067602
 -0.059873,  2.288314, -0.956796,  1.161475,  0.175437
 -0.059629,  2.435949, -0.969525,  1.262072,  0.281012
 -0.059385,  2.505278, -0.848949,  1.352203,  0.383953
 -0.059141,  2.496191, -0.587661,  1.431397,  0.484072
 -0.058897,  2.419118, -0.197667,  1.499697,  0.581270
 -0.058652,  2.295033,  0.290533,  1.557557,  0.675455
 -0.058408,  2.153542,  0.831647,  1.605703,  0.766451
 -0.058164,  2.028712,  1.371292,  1.644984,  0.853929
 -0.057920,  1.953056,  1.852899,  1.676238,  0.937371
 -0.057676,  1.950851,  2.225231,  1.700177,  1.016052
 -0.057432,  2.032446,  2.449926,  1.717300,  1.089066
 -0.057188,  2.191039,  2.507996,  1.727857,  1.155389
 -0.056943,  2.402746,  2.403828,  1.731824,  1.213962
 -0.056699,  2.629926,  2.165167,  1.728926,  1.263801
 -0.056455,  2.827133,  1.838354,  1.718659,  1.304106
 -0.056211,  2.948784,  1.479369,  1.700328,  1.334367
 -0.055967,  2.957355,  1.142726,  1.673085,  1.354439
 -0.055723,  2.830651,  0.871109,  1.635961,  1.364573
 -0.055479,  2.566565,  0.688488,  1.587903,  1.365396
 -0.055234,  2.184251,  0.598376,  1.527802,  1.357841
 -0.054990,  1.721528,  0.587252,  1.454538,  1.343021
 -0.054746,  1.229172,  0.631535,  1.367033,  1.322073
 -0.054502,  0.763133,  0.705419,  1.264334,  1.295987
 -0.054258,  0.375870,  0.786924,  1.145707,  1.265452
 -0.054014,  0.108017,  0.860621,  1.010770,  1.230732
 -0.053770, -0.018320,  0.917271,  0.859618,  1.191611
 -0.053525, -0.003507,  0.951980,  0.692965,  1.147402
 -0.053281,  0.129071,  0.962767,  0.512250,  1.097034
 -0.053037,  0.335757,  0.950626,  0.319708,  1.039199
 -0.052793,  0.558019,  0.920850,  0.118378,  0.972549
 -0.052549,  0.729739,  0.884295, -0.087975,  0.895900
 -0.052305,  0.785864,  0.856985, -0.295015,  0.808427
 -0.052061,  0.671876,  0.857045, -0.498081,  0.709812
 -0.051816,  0.353286,  0.899139, -0.692492,  0.600325
 -0.051572, -0.176185,  0.987811, -0.873905,  0.480827
 -0.051328, -0.889420,  1.112037, -1.038658,  0.352690
 -0.051084, -1.725574,  1.243373, -1.184094,  0.217666
 -0.050840, -2.595931,  1.339193, -1.308792,  0.077699
 -0.050596, -3.396063,  1.350777, -1.412684, -0.065262
 -0.050352, -4.022608,  1.234267, -1.497037, -0.209431
 -0.050107, -4.391530,  0.961488, -1.564287, -0.353310
 -0.049863, -4.454233,  0.527771, -1.617744, -0.495748
 -0.049619, -4.208254, -0.045070, -1.661196, -0.635935
 -0.049375, -3.699987, -0.711174, -1.698456, -0.773329
 -0.049131, -3.018061, -1.407864, -1.732922, -0.907547
 -0.048887, -2.277844, -2.066116, -1.767182, -1.038228
 -0.048643, -1.599923, -2.622083, -1.802738, -1.164906
 -0.048398, -1.087198, -3.027197, -1.839867, -1.286918
 -0.048154, -0.805708, -3.254699, -1.877645, -1.403343
 -0.047910, -0.773233, -3.301396, -1.914115, -1.513010
 -0.047666, -0.957767, -3.184953, -1.946576, -1.614544
 -0.047422, -1.285861, -2.938330, -1.971947, -1.706446
 -0.047178, -1.658990, -2.603476, -1.987144, -1.787193
 -0.046934, -1.974587, -2.225667, -1.989425, -1.855333
 -0.046690, -2.147448, -1.848818, -1.976638, -1.909555
 -0.046445, -2.127011, -1.511346, -1.947361, -1.948719
 -0.046201, -1.906924, -1.242431, -1.900913, -1.971856
 -0.045957, -1.525011, -1.059144, -1.837250, -1.978129
 -0.045713, -1.054009, -0.965234, -1.756785, -1.966775
 -0.045469, -0.585390, -0.951918, -1.660167, -1.937051
 -0.045225, -0.210028, -1.000468, -1.548074, -1.888186
 -0.044981,  0.000150, -1.086013, -1.421065, -1.819378
 -0.044736,  0.005960, -1.181979, -1.279503, -1.729819
 -0.044492, -0.192199, -1.264570, -1.123588, -1.618773
 -0.044248, -0.555227, -1.316572, -0.953456, -1.485680
 -0.044004, -1.013108, -1.329493, -0.769352, -1.330289
 -0.043760, -1.477526, -1.303122, -0.571812, -1.152791
 -0.043516, -1.856674, -1.242261, -0.361831, -0.953945
 -0.043272, -2.069856, -1.151537, -0.140977, -0.735173
 -0.043027, -2.060049, -1.030292,  0.088577, -0.498602
 -0.042783, -1.803025, -0.869812,  0.324106, -0.247074
 -0.042539, -1.311852, -0.654413,  0.562469,  0.015915
 -0.042295, -0.635943, -0.366177,  0.800299,  0.286314
 -0.042051,  0.145671,  0.008423,  1.034217,  0.559656
 -0.041807,  0.936340,  0.472414,  1.261054,  0.831228
 -0.041563,  1.637734,  1.014542,  1.478019,  1.096251
 -0.041318,  2.167613,  1.608609,  1.682830,  1.350062
 -0.041074,  2.476470,  2.215917,  1.873762,  1.588283
 -0.040830,  2.559471,  2.790265,  2.049644,  1.806973
 -0.040586,  2.460117,  3.284584,  2.209794,  2.002748
 -0.040342,  2.263431,  3.657948,  2.353915,  2.172868
 -0.040098,  2.078940,  3.881613,  2.481967,  2.315285
 -0.039854,  2.016718,  3.942976,  2.594024,  2.428650
 -0.039609,  2.161935,  3.846899,  2.690140,  2.512274
 -0.039365,  2.554070,  3.614444,  2.770207,  2.566041
 -0.039121,  3.175854,  3.279454,  2.833842,  2.590291
 -0.038877,  3.954634,  2.883510,  2.880277,  2.585657
 -0.038633,  4.775864,  2.469929,  2.908288,  2.552897
 -0.038389,  5.505578,  2.077809,  2.916154,  2.492711
 -0.038145,  6.016816,  1.737108,  2.901666,  2.405587
 -0.037900,  6.214295,  1.465494,  2.862200,  2.291682
 -0.037656,  6.052096,  1.267183,  2.794850,  2.150770
 -0.037412,  5.540737,  1.133646,  2.696637,  1.982267
 -0.037168,  4.742511,  1.045851,  2.564772,  1.785349
 -0.036924,  3.756922,  0.977660,  2.396951,  1.559156
 -0.036680,  2.700246,  0.899966,  2.191666,  1.303068
 -0.036436,  1.684157,  0.784968,  1.948480,  1.017038
 -0.036191,  0.797644,  0.609907,  1.668239,  0.701923
 -0.035947,  0.095108,  0.359739,  1.353191,  0.359790
 -0.035703, -0.407955,  0.028610,  1.006987, -0.005858
 -0.035459, -0.731721, -0.379725,  0.634570, -0.389971
 -0.035215, -0.922702, -0.852362,  0.241954, -0.785978
 -0.034971, -1.041042, -1.368578, -0.164073, -1.185961
 -0.034727, -1.147738, -1.902035, -0.576285, -1.580953
 -0.034482, -1.294618, -2.423708, -0.987362, -1.961343
 -0.034238, -1.518439, -2.905211, -1.390191, -2.317335
 -0.033994, -1.838674, -3.322092, -1.778118, -2.639400
 -0.033750, -2.257442, -3.656506, -2.145120, -2.918684
 -0.033506, -2.760292, -3.898496, -2.485905, -3.147321
 -0.033262, -3.317584, -4.045213, -2.795949, -3.318631
 -0.033018, -3.887191, -4.098182, -3.071487, -3.427191
 -0.032773, -4.419327, -4.059771, -3.309477, -3.468822
 -0.032529, -4.863436, -3.930589, -3.507550, -3.440499
 -0.032285, -5.175934, -3.709012, -3.663952, -3.340264
 -0.032041, -5.326928, -3.392898, -3.777490, -3.167170
 -0.031797, -5.304274, -2.982470, -3.847459, -2.921310
 -0.031553, -5.114284, -2.483095, -3.873556, -2.603940
 -0.031309, -4.779376, -1.907069, -3.855771, -2.217697
 -0.031065, -4.333567, -1.273961, -3.794248, -1.766878
 -0.030820, -3.817009, -0.609242, -3.689141, -1.257723
 -0.030576, -3.270808,  0.058915, -3.540469, -0.698645
 -0.030332, -2.733079,  0.704311, -3.348015, -0.100338
 -0.030088, -2.236564,  1.307738, -3.111291,  0.524275
 -0.029844, -1.807297,  1.860536, -2.829605,  1.160275
 -0.029600, -1.463271,  2.365007, -2.502250,  1.791143
 -0.029356, -1.212237,  2.831087, -2.128803,  2.399277
 -0.029111, -1.048655,  3.270117, -1.709535,  2.966551
 -0.028867, -0.951130,  3.687619, -1.245861,  3.474848
 -0.028623, -0.882265,  4.077329, -0.740795,  3.906487
 -0.028379, -0.792286,  4.418233, -0.199327,  4.244528
 -0.028135, -0.626485,  4.675411,  0.371347,  4.472934
 -0.027891, -0.335115,  4.804530,  0.961780,  4.576697
 -0.027647,  0.116357,  4.759134,  1.560451,  4.542005
 -0.027402,  0.738979,  4.499368,  2.154163,  4.356618
 -0.027158,  1.515988,  4.000436,  2.728609,  4.010599
 -0.026914,  2.403570,  3.259058,  3.269063,  3.497503
 -0.026670,  3.336815,  2.296720,  3.761091,  2.816061
 -0.026426,  4.239793,  1.159255,  4.191210,  1.972276
 -0.026182,  5.037766, -0.087255,  4.547419,  0.981708
 -0.025938,  5.668953, -1.364009,  4.819539, -0.128392
 -0.025693,  6.093294, -2.589577,  4.999372, -1.317562
 -0.025449,  6.296250, -3.690585,  5.080672, -2.531704
 -0.025205,  6.286817, -4.610164,  5.059016, -3.704227
 -0.024961,  6.090619, -5.311713,  4.931629, -4.759071
 -0.024717,  5.740541, -5.777125,  4.697252, -5.615735
 -0.024473,  5.267956, -6.000642,  4.356131, -6.196112
 -0.024229,  4.696764, -5.980789,  3.910151, -6.432644
 -0.023984,  4.040986, -5.713320,  3.363120, -6.276958
 -0.023740,  3.305549, -5.187999,  2.721154, -5.707934
 -0.023496,  2.489530, -4.391241,  1.993094, -4.738026
 -0.023252,  1.590997, -3.315050,  1.190850, -3.416671
 -0.023008,  0.612367, -1.970400,  0.329571, -1.829880
 -0.022764, -0.435002, -0.401122, -0.572403, -0.095450
 -0.022520, -1.528192,  1.306679, -1.493854,  1.646185
 -0.022275, -2.632685,  3.024065, -2.411228,  3.244842
 -0.022031, -3.704745,  4.589846, -3.299328,  4.556001
 -0.021787, -4.695421,  5.831498, -4.132056,  5.456972
 -0.021543, -5.555298,  6.592461, -4.883087,  5.861795
 -0.021299, -6.239205,  6.759840, -5.526396,  5.732788
 -0.021055, -6.710258,  6.286397, -6.036607,  5.086940
 -0.020811, -6.942748,  5.202458, -6.389217,  3.995965
 -0.020566, -6.923531,  3.615901, -6.560830,  2.579609
 -0.020322, -6.651740,  1.700687, -6.529590,  0.992754
 -0.020078, -6.136849, -0.324113, -6.276044, -0.592225
 -0.019834, -5.395585, -2.222037, -5.784629, -2.005662
 -0.019590, -4.448719, -3.770139, -5.045866, -3.100734
 -0.019346, -3.318965, -4.788866, -4.059244, -3.770822
 -0.019102, -2.030754, -5.166464, -2.836526, -3.961760
 -0.018857, -0.611821, -4.874130, -1.405063, -3.677313
 -0.018613,  0.904022, -3.969432,  0.189485, -2.977168
 -0.018369,  2.473610, -2.587285,  1.881726, -1.967789
 -0.018125,  4.041211, -0.919676,  3.587065, -0.787493
 -0.017881,  5.536225,  0.812690,  5.204748,  0.412127
 -0.017637,  6.873046,  2.392287,  6.623673,  1.485817
 -0.017393,  7.954504,  3.635199,  7.730863,  2.312648
 -0.017148,  8.679646,  4.415306,  8.422067,  2.809993
 -0.016904,  8.955436,  4.678387,  8.613498,  2.941793
 -0.016660,  8.710634,  4.444010,  8.253387,  2.720255
 -0.016416,  7.909199,  3.795619,  7.331799,  2.201104
 -0.016172,  6.560558,  2.861653,  5.887140,  1.473371
 -0.015928,  4.724860,  1.791887,  4.008008,  0.645441
 -0.015684,  2.512465,  0.733393,  1.829472, -0.170515
 -0.015440,  0.077790, -0.190169, -0.476480, -0.873500
 -0.015195, -2.391922, -0.893170, -2.715823, -1.386051
 -0.014951, -4.692181, -1.334973, -4.691399, -1.662497
 -0.014707, -6.620242, -1.518934, -6.223833, -1.692287
 -0.014463, -7.996199, -1.484556, -7.171972, -1.498333
 -0.014219, -8.684208, -1.295067, -7.450158, -1.130961
 -0.013975, -8.611276, -1.023261, -7.039901, -0.658679
 -0.013731, -7.780698, -0.738421, -5.994046, -0.157287
 -0.013486, -6.277423, -0.496496, -4.432511,  0.301040
 -0.013242, -4.263398, -0.334675, -2.529713,  0.657179
 -0.012998, -1.962268, -0.270327, -0.495034,  0.871849
 -0.012754,  0.365621, -0.303344,  1.451361,  0.929046
 -0.012510,  2.455148, -0.420464,  3.104294,  0.835977
 -0.012266,  4.070908, -0.600111,  4.297567,  0.619810
 -0.012022,  5.039034, -0.816676,  4.923026,  0.322004
 -0.011777,  5.271282, -1.043754,  4.942179, -0.008772
 -0.011533,  4.777445, -1.256351,  4.388869, -0.324008
 -0.011289,  3.663761, -1.432302,  3.362755, -0.581970
 -0.011045,  2.117073, -1.553095,  2.014619, -0.752713
 -0.010801,  0.376601, -1.604215,  0.525621, -0.820964
 -0.010557, -1.302629, -1.575065, -0.916575, -0.786701
 -0.010313, -2.688767, -1.458860, -2.141529, -0.663569
 -0.010068, -3.607671, -1.253064, -3.016468, -0.475610
 -0.009824, -3.966740, -0.960726, -3.460840, -0.252917
 -0.009580, -3.764068, -0.592394, -3.453321, -0.026943
 -0.009336, -3.082034, -0.167706, -3.030697,  0.173841
 -0.009092, -2.067437,  0.284326, -2.279214,  0.327398
 -0.008848, -0.902663,  0.726963, -1.319980,  0.420285
 -0.008604,  0.226360,  1.119457, -0.290735,  0.448404
 -0.008359,  1.159566,  1.422400,  0.673315,  0.416380
 -0.008115,  1.784884,  1.603739,  1.456953,  0.335842
 -0.007871,  2.050310,  1.644116,  1.978439,  0.222974
 -0.007627,  1.965098,  1.540357,  2.197494,  0.095771
 -0.007383,  1.590888,  1.306353,  2.117085, -0.028586
 -0.007139,  1.025098,  0.971267,  1.779240, -0.135876
 -0.006895,  0.380254,  0.575461,  1.255943, -0.216272
 -0.006650, -0.236266,  0.164717,  0.636744, -0.264975
 -0.006406, -0.738032, -0.216531,  0.015061, -0.282047
 -0.006162, -1.068441, -0.531886, -0.524820, -0.271609
 -0.005918, -1.202518, -0.758317, -0.918321, -0.240591
 -0.005674, -1.143292, -0.889171, -1.127473, -0.197287
 -0.005430, -0.915101, -0.934362, -1.143499, -0.149951
 -0.005186, -0.555832, -0.917615, -0.985148, -0.105630
 -0.004941, -0.109679, -0.871031, -0.693380, -0.069361
 -0.004697,  0.378199, -0.827853, -0.323514, -0.043807
 -0.004453,  0.864226, -0.814957,  0.063835, -0.029295
 -0.004209,  1.306679, -0.846709,  0.411636, -0.024208
 -0.003965,  1.665536, -0.921464,  0.673911, -0.025606
 -0.003721,  1.904091, -1.021406,  0.820913, -0.029945
 -0.003477,  1.993316, -1.115788,  0.841513, -0.033775
 -0.003232,  1.918150, -1.167044,  0.742767, -0.034310
 -0.002988,  1.683427, -1.138610,  0.547034, -0.029802
 -0.002744,  1.316862, -1.002919,  0.287313, -0.019686
 -0.002500,  0.867393, -0.747978,  0.001654, -0.004520
 -0.002256,  0.398664, -0.381308, -0.272474,  0.014256
 -0.002012, -0.021253,  0.069562, -0.503069,  0.034673
 -0.001768, -0.331835,  0.560380, -0.667153,  0.054619
 -0.001523, -0.491287,  1.036981, -0.752674,  0.072215
 -0.001279, -0.484404,  1.444584, -0.758687,  0.086098
 -0.001035, -0.325346,  1.737693, -0.694035,  0.095595
 -0.000791, -0.054848,  1.888386, -0.574883,  0.100776
 -0.000547,  0.267357,  1.891040, -0.421629,  0.102370
 -0.000303,  0.573249,  1.762403, -0.255684,  0.101596
 -0.000059,  0.798278,  1.537036, -0.096582,  0.099923
  0.000185,  0.892132,  1.259361,  0.040213,  0.098814
  0.000430,  0.826878,  0.974429,  0.144630,  0.099479
  0.000674,  0.601467,  0.719615,  0.212381,  0.102692
  0.000918,  0.242162,  0.518896,  0.244517,  0.108666
  0.001162, -0.201317,  0.380444,  0.246351,  0.117034
  0.001406, -0.663698,  0.297577,  0.225984,  0.126897
  0.001650, -1.075111,  0.252585,  0.192726,  0.136952
  0.001894, -1.373083,  0.222509,  0.155631,  0.145674
  0.002139, -1.513068,  0.185554,  0.122335,  0.151518
  0.002383, -1.475447,  0.126633,  0.098300,  0.153128
  0.002627, -1.268027,  0.040710,  0.086501,  0.149515
  0.002871, -0.924226, -0.066676,  0.087513,  0.140189
  0.003115, -0.497683, -0.181519,  0.099908,  0.125231
  0.003359, -0.054019, -0.285324,  0.120857,  0.105292
  0.003603,  0.339446, -0.359990,  0.146802,  0.081531
  0.003848,  0.624641, -0.392570,  0.174094,  0.055483
  0.004092,  0.762256, -0.378743,  0.199515,  0.028893
  0.004336,  0.737602, -0.323928,  0.220631,  0.003520
  0.004580,  0.561517, -0.241579,  0.235949, -0.019050
  0.004824,  0.266418, -0.149150,  0.244910, -0.037571
  0.005068, -0.101228, -0.063124,  0.247732, -0.051252
  0.005312, -0.490030,  0.005183,  0.245165, -0.059819
  0.005557, -0.852076,  0.051650,  0.238198, -0.063502
  0.005801, -1.148686,  0.078684,  0.227783, -0.062962
  0.006045, -1.352749,  0.092336,  0.214602, -0.059172
  0.006289, -1.448353,  0.098469,  0.198918, -0.053259
  0.006533, -1.429277,  0.099628,  0.180519, -0.046342
  0.006777, -1.297632,  0.093990,  0.158763, -0.039396
  0.007021, -1.063150,  0.076863,  0.132718, -0.033139
  0.007266, -0.742886,  0.044001,  0.101371, -0.027988
  0.007510, -0.360831, -0.005006,  0.063869, -0.024066
  0.007754,  0.053158, -0.065057,  0.019778, -0.021257
  0.007998,  0.465620, -0.126426, -0.030703, -0.019303
  0.008242,  0.843093, -0.177782, -0.086596, -0.017915
  0.008486,  1.156447, -0.209988, -0.146094, -0.016872
  0.008730,  1.384836, -0.219231, -0.206627, -0.016093
  0.008975,  1.518142, -0.208305, -0.265050, -0.015663
  0.009219,  1.557343, -0.185503, -0.317924, -0.015811
  0.009463,  1.512840, -0.161507, -0.361866, -0.016849
  0.009707,  1.401122, -0.145540, -0.393930, -0.019069
  0.009951,  1.240318, -0.142363, -0.411955, -0.022652
  0.010195,  1.045424, -0.151182, -0.414838, -0.027574
  0.010439,  0.824446, -0.166703, -0.402691, -0.033562
  0.010684,  0.576877, -0.181726, -0.376859, -0.040089
  0.010928,  0.295583, -0.190195, -0.339785, -0.046435
  0.011172, -0.028050, -0.189522, -0.294754, -0.051780
  0.011416, -0.397137, -0.181365, -0.245538, -0.055343
  0.011660, -0.802859, -0.170664, -0.195996, -0.056517
  0.011904, -1.220942, -0.163408, -0.149690, -0.054991
  0.012148, -1.612724, -0.164049, -0.109548, -0.050825
  0.012393, -1.931168, -0.173477, -0.077636, -0.044471
  0.012637, -2.130608, -0.188279, -0.055040, -0.036720
  0.012881, -2.177494, -0.201576, -0.041869, -0.028601
  0.013125, -2.058750, -0.205129, -0.037366, -0.021225
  0.013369, -1.785094, -0.191954, -0.040086, -0.015620
  0.013613, -1.388494, -0.158467, -0.048117, -0.012568
  0.013857, -0.915024, -0.105392, -0.059309, -0.012489
  0.014102, -0.415657, -0.037150, -0.071468, -0.015369
  0.014346,  0.062349,  0.039869, -0.082521, -0.020772
  0.014590,  0.481502,  0.119120, -0.090623, -0.027901
  0.014834,  0.816801,  0.194782, -0.094223, -0.035727
  0.015078,  1.055457,  0.261455, -0.092101, -0.043142
  0.015322,  1.194625,  0.313278, -0.083377, -0.049118
  0.015566,  1.238322,  0.343359, -0.067522, -0.052850
  0.015810,  1.194675,  0.344117, -0.044353, -0.053857
  0.016055,  1.074260,  0.308683, -0.014044, -0.052020
  0.016299,  0.889828,  0.232988,  0.022883, -0.047566
  0.016543,  0.657125,  0.117730,  0.065575, -0.041003
  0.016787,  0.396209, -0.030718,  0.112878, -0.033012
  0.017031,  0.132338, -0.200956,  0.163397, -0.024322
  0.017275, -0.104638, -0.378399,  0.215567, -0.015595
  0.017519, -0.283165, -0.547319,  0.267730, -0.007334
  0.017764, -0.375055, -0.692040,  0.318219,  0.000172
  0.018008, -0.361495, -0.796944,  0.365413,  0.006856
  0.018252, -0.238045, -0.846070,  0.407779,  0.012841
  0.018496, -0.016750, -0.823908,  0.443888,  0.018368
  0.018740,  0.275526, -0.718713,  0.472408,  0.023713
  0.018984,  0.602059, -0.528070,  0.492099,  0.029096
  0.019228,  0.922891, -0.264544,  0.501810,  0.034600
  0.019473,  1.201227,  0.041750,  0.500511,  0.040125
  0.019717,  1.408217,  0.346014,  0.487355,  0.045365
  0.019961,  1.525647,  0.597210,  0.461789,  0.049832
  0.020205,  1.546791,  0.749780,  0.423680,  0.052907
  0.020449,  1.476078,  0.775071,  0.373458,  0.053925
  0.020693,  1.328204,  0.669170,  0.312240,  0.052274
  0.020937,  1.126888,  0.455116,  0.241890,  0.047497
  0.021182,  0.902767,  0.179024,  0.165013,  0.039392
  0.021426,  0.689605, -0.098977,  0.084842,  0.028092
  0.021670,  0.518500, -0.316982,  0.005029,  0.014109
  0.021914,  0.410850, -0.424002, -0.070651, -0.001648
  0.022158,  0.371781, -0.390334, -0.138643, -0.017912
  0.022402,  0.386219, -0.213474, -0.195978, -0.033130
  0.022646,  0.419615,  0.081352, -0.240582, -0.045587
  0.022891,  0.424236,  0.445759, -0.271506, -0.053569
  0.023135,  0.350080,  0.816783, -0.289023, -0.055541
  0.023379,  0.157683,  1.127912, -0.294585, -0.050342
  0.023623, -0.170658,  1.320665, -0.290622, -0.037360
  0.023867, -0.624297,  1.354471, -0.280228, -0.016669
  0.024111, -1.163857,  1.212986, -0.266756,  0.010894
  0.024355, -1.727065,  0.906106, -0.253389,  0.043730
  0.024600, -2.239505,  0.468020, -0.242737,  0.079566
  0.024844, -2.628230, -0.047932, -0.236525,  0.115627
  0.025088, -2.835641, -0.576903, -0.235399,  0.148887
  0.025332, -2.830800, -1.051895, -0.238891,  0.176354
  0.025576, -2.615610, -1.413699, -0.245534,  0.195383
  0.025820, -2.224369, -1.619838, -0.253110,  0.203955
  0.026064, -1.716860, -1.650869, -0.258999,  0.200900
  0.026309, -1.166773, -1.512774, -0.260569,  0.186026
  0.026553, -0.648236, -1.234959, -0.255564,  0.160144
  0.026797, -0.223360, -0.864389, -0.242431,  0.124978
  0.027041,  0.066914, -0.457230, -0.220537,  0.082973
  0.027285,  0.207345, -0.069844, -0.190275,  0.037028
  0.027529,  0.208080,  0.249169, -0.153015, -0.009808
  0.027773,  0.100226,  0.464754, -0.110951, -0.054637
  0.028018, -0.071336,  0.558663, -0.066837, -0.094982
  0.028262, -0.256181,  0.530417, -0.023668, -0.128979
  0.028506, -0.405893,  0.396421,  0.015652, -0.155483
  0.028750, -0.479741,  0.187656,  0.048625, -0.174076
  0.028994, -0.448409, -0.053870,  0.073404, -0.184999
  0.029238, -0.296516, -0.279906,  0.088955, -0.189007
  0.029482, -0.024559, -0.441963,  0.095123, -0.187192
  0.029727,  0.349822, -0.498323,  0.092593, -0.180800
  0.029971,  0.792138, -0.421343,  0.082770, -0.171064
  0.030215,  1.253756, -0.203711,  0.067595, -0.159077
  0.030459,  1.677296,  0.138137,  0.049319, -0.145718
  0.030703,  2.004233,  0.565079,  0.030278, -0.131621
  0.030947,  2.183740,  1.021344,  0.012683, -0.117201
  0.031191,  2.181551,  1.444362, -0.001553, -0.102694
  0.031435,  1.987323,  1.775848, -0.010928, -0.088221
  0.031680,  1.618662,  1.971160, -0.014414, -0.073837
  0.031924,  1.120185,  2.004840, -0.011463, -0.059581
  0.032168,  0.556899,  1.871732, -0.001979, -0.045482
  0.032412,  0.002835,  1.584575,  0.013747, -0.031566
  0.032656, -0.472526,  1.169845,  0.035100, -0.017835
  0.032900, -0.816650,  0.663679,  0.061211, -0.004243
  0.033144, -1.002183,  0.108871,  0.091010,  0.009320
  0.033389, -1.029463, -0.447158,  0.123265,  0.023029
  0.033633, -0.923389, -0.954275,  0.156605,  0.037108
  0.033877, -0.725998, -1.362335,  0.189540,  0.051784
  0.034121, -0.486633, -1.625399,  0.220488,  0.067230
  0.034365, -0.251683, -1.707672,  0.247808,  0.083494
  0.034609, -0.055800, -1.590554,  0.269863,  0.100431
  0.034853,  0.083619, -1.279113,  0.285116,  0.117657
  0.035098,  0.167400, -0.805661,  0.292232,  0.134528
  0.035342,  0.210822, -0.228427,  0.290211,  0.150164
  0.035586,  0.236492,  0.375374,  0.278508,  0.163511
  0.035830,  0.266388,  0.921188,  0.257131,  0.173446
  0.036074,  0.315778,  1.331216,  0.226700,  0.178909
  0.036318,  0.390609,  1.547926,  0.188446,  0.179052
  0.036562,  0.488078,  1.543963,  0.144141,  0.173372
  0.036807,  0.598770,  1.326277,  0.095963,  0.161826
  0.037051,  0.708761,  0.933771,  0.046308,  0.144889
  0.037295,  0.801265,  0.429299, -0.002438,  0.123560
  0.037539,  0.858359, -0.112144, -0.048131,  0.099294
  0.037783,  0.863493, -0.616672, -0.089075,  0.073883
  0.038027,  0.804843, -1.023697, -0.124177,  0.049269
  0.038271,  0.678795, -1.294610, -0.153015,  0.027346
  0.038516,  0.492339, -1.416144, -0.175823,  0.009743
  0.038760,  0.263191, -1.397898, -0.193383, -0.002363
  0.039004,  0.017238, -1.265288, -0.206835, -0.008394
  0.039248, -0.216151, -1.050649, -0.217450, -0.008437
  0.039492, -0.409716, -0.785653, -0.226386, -0.003251
  0.039736, -0.543473, -0.497321, -0.234469,  0.005824
  0.039980, -0.608328, -0.208025, -0.242048,  0.017011
  0.040225, -0.607446,  0.062098, -0.248927,  0.028301
  0.040469, -0.555112,  0.292888, -0.254400,  0.037675
  0.040713, -0.473426,  0.464161, -0.257379,  0.043321
  0.040957, -0.387692,  0.558523, -0.256591,  0.043826
  0.041201, -0.321621,  0.565873, -0.250813,  0.038307
  0.041445, -0.293432,  0.487493, -0.239101,  0.026475
  0.041689, -0.313478,  0.337731, -0.220982,  0.008633
  0.041934, -0.383489,  0.142298, -0.196570, -0.014397
  0.042178, -0.496903, -0.066421, -0.166585, -0.041396
  0.042422, -0.639657, -0.255583, -0.132284, -0.070904
  0.042666, -0.791160, -0.397873, -0.095303, -0.101375
  0.042910, -0.925883, -0.475874, -0.057443, -0.131330
  0.043154, -1.016254, -0.484347, -0.020444, -0.159472
  0.043398, -1.037144, -0.430673,  0.014233, -0.184758
  0.043643, -0.971309, -0.333898,  0.045557, -0.206430
  0.043887, -0.814440, -0.222532,  0.073013, -0.223999
  0.044131, -0.578359, -0.130974,  0.096584, -0.237202
  0.044375, -0.291146, -0.094506,  0.116661, -0.245941
  0.044619,  0.006399, -0.143079,  0.133885, -0.250207
  0.044863,  0.267707, -0.294608,  0.148946, -0.250026
  0.045107,  0.449493, -0.549063,  0.162398, -0.245409
  0.045352,  0.520840, -0.885050,  0.174491, -0.236343
  0.045596,  0.470097, -1.260466,  0.185076, -0.222791
  0.045840,  0.307968, -1.617850,  0.193579, -0.204726
  0.046084,  0.066090, -1.893783,  0.199055, -0.182188
  0.046328, -0.208730, -2.030487,  0.200318, -0.155342
  0.046572, -0.463613, -1.987028,  0.196114, -0.124549
  0.046816, -0.650127, -1.747529,  0.185321, -0.090419
  0.047060, -0.733758, -1.324553,  0.167145, -0.053852
  0.047305, -0.700185, -0.757176,  0.141289, -0.016041
  0.047549, -0.557181, -0.104577,  0.108070,  0.021556
  0.047793, -0.331967,  0.563213,  0.068467,  0.057292
  0.048037, -0.064767,  1.175524,  0.024114,  0.089451
  0.048281,  0.199816,  1.670483, -0.022787,  0.116397
  0.048525,  0.421380,  2.002422, -0.069599,  0.136757
  0.048769,  0.570203,  2.146575, -0.113438,  0.149597
  0.049014,  0.630591,  2.101114, -0.151387,  0.154586
  0.049258,  0.601175,  1.886879, -0.180730,  0.152110
  0.049502,  0.492995,  1.545101, -0.199180,  0.143315
  0.049746,  0.326323,  1.132999, -0.205088,  0.130065
  0.049990,  0.127016,  0.717001, -0.197612,  0.114796
